{"aquapark":{"BAZÉNY A POSILOVNA":{"1":{"8":{"sum":28.636363636363637,"count":3},"11":{"sum":57.27272727272727,"count":1},"15":{"sum":213.1818181818182,"count":4},"16":{"sum":328.18181818181813,"count":7},"17":{"sum":84.0909090909091,"count":3},"18":{"sum":49.090909090909086,"count":2},"19":{"sum":27.272727272727273,"count":2},"20":{"sum":0,"count":2},"21":{"sum":0,"count":3},"22":{"sum":0,"count":2},"23":{"sum":0,"count":2}},"2":{"0":{"sum":0,"count":2},"1":{"sum":0,"count":2},"2":{"sum":0,"count":2},"3":{"sum":0,"count":2},"4":{"sum":26.818181818181817,"count":3},"5":{"sum":12.272727272727273,"count":1},"6":{"sum":17.272727272727273,"count":1},"7":{"sum":41.36363636363636,"count":2},"8":{"sum":99.54545454545455,"count":3},"9":{"sum":82.72727272727272,"count":2},"10":{"sum":78.18181818181819,"count":2},"11":{"sum":57.272727272727266,"count":2},"12":{"sum":93.18181818181819,"count":3},"13":{"sum":85.45454545454547,"count":2},"14":{"sum":106.81818181818183,"count":2},"15":{"sum":97.72727272727272,"count":2},"16":{"sum":85,"count":2},"17":{"sum":70,"count":2},"18":{"sum":90.9090909090909,"count":3},"19":{"sum":28.18181818181818,"count":2},"20":{"sum":0.9090909090909091,"count":2},"21":{"sum":0.9090909090909091,"count":2},"22":{"sum":0.9090909090909091,"count":2},"23":{"sum":0.9090909090909091,"count":2}},"3":{"0":{"sum":0,"count":3},"1":{"sum":0,"count":1},"2":{"sum":0,"count":2},"3":{"sum":0,"count":2},"4":{"sum":14.545454545454545,"count":2},"5":{"sum":35.90909090909091,"count":2},"6":{"sum":30.909090909090907,"count":2},"7":{"sum":36.36363636363637,"count":2},"8":{"sum":57.27272727272727,"count":2},"9":{"sum":111.81818181818181,"count":3},"10":{"sum":70,"count":2},"11":{"sum":66.36363636363636,"count":2},"12":{"sum":65,"count":2},"13":{"sum":69.54545454545455,"count":2},"14":{"sum":133.1818181818182,"count":3},"15":{"sum":114.0909090909091,"count":2},"16":{"sum":167.27272727272728,"count":3},"17":{"sum":103.63636363636363,"count":2},"18":{"sum":115,"count":3},"19":{"sum":39.54545454545455,"count":2},"20":{"sum":1.8181818181818181,"count":2},"21":{"sum":1.8181818181818181,"count":2},"22":{"sum":2.727272727272727,"count":3},"23":{"sum":1.8181818181818181,"count":2}},"4":{"0":{"sum":0,"count":2},"1":{"sum":0,"count":2},"2":{"sum":0,"count":2},"3":{"sum":0,"count":2},"4":{"sum":10.454545454545455,"count":2},"5":{"sum":43.18181818181818,"count":3},"6":{"sum":33.63636363636363,"count":2},"7":{"sum":33.18181818181818,"count":2},"8":{"sum":83.18181818181819,"count":3},"9":{"sum":75.9090909090909,"count":2},"10":{"sum":99.54545454545455,"count":2},"11":{"sum":27.27272727272727,"count":1},"12":{"sum":59.54545454545455,"count":2},"14":{"sum":121.81818181818181,"count":2},"15":{"sum":160,"count":3},"16":{"sum":81.36363636363637,"count":2},"17":{"sum":70.9090909090909,"count":2},"18":{"sum":55,"count":2},"19":{"sum":32.272727272727266,"count":2},"20":{"sum":5.454545454545454,"count":3},"21":{"sum":5.454545454545454,"count":3},"22":{"sum":3.6363636363636362,"count":2},"23":{"sum":5.454545454545454,"count":3}},"5":{"0":{"sum":0,"count":2},"1":{"sum":0,"count":2},"2":{"sum":0,"count":2},"3":{"sum":0,"count":2},"4":{"sum":10.454545454545455,"count":3},"5":{"sum":19.090909090909093,"count":2},"6":{"sum":26.36363636363636,"count":2},"7":{"sum":40.45454545454545,"count":2},"8":{"sum":89.0909090909091,"count":3},"9":{"sum":75.9090909090909,"count":2},"10":{"sum":75.9090909090909,"count":2},"11":{"sum":66.81818181818181,"count":2},"12":{"sum":119.0909090909091,"count":3},"13":{"sum":56.36363636363636,"count":1},"14":{"sum":134.54545454545453,"count":2},"15":{"sum":116.81818181818181,"count":2},"16":{"sum":94.54545454545455,"count":2},"17":{"sum":106.36363636363637,"count":3},"18":{"sum":44.090909090909086,"count":3},"19":{"sum":23.636363636363633,"count":2},"20":{"sum":1.3636363636363635,"count":3},"21":{"sum":0.9090909090909091,"count":2},"22":{"sum":1.3636363636363635,"count":3},"23":{"sum":0.45454545454545453,"count":1}},"6":{"0":{"sum":0,"count":3},"1":{"sum":0,"count":2},"2":{"sum":0,"count":2},"3":{"sum":0,"count":3},"4":{"sum":0,"count":2},"5":{"sum":0,"count":2},"6":{"sum":15.454545454545455,"count":2},"7":{"sum":29.545454545454543,"count":2},"8":{"sum":46.81818181818181,"count":2},"9":{"sum":75.45454545454545,"count":2},"10":{"sum":102.72727272727272,"count":3},"11":{"sum":50.90909090909091,"count":2},"12":{"sum":109.54545454545455,"count":3},"13":{"sum":167.27272727272728,"count":3},"14":{"sum":127.27272727272728,"count":2},"15":{"sum":165,"count":3},"16":{"sum":62.272727272727266,"count":2},"17":{"sum":37.72727272727272,"count":2}}},"FINSKÁ SAUNA":{"1":{"8":{"sum":0,"count":3},"11":{"sum":0,"count":1},"15":{"sum":58.33333333333333,"count":4},"16":{"sum":133.33333333333331,"count":7},"17":{"sum":108.33333333333334,"count":3},"18":{"sum":116.66666666666667,"count":2},"19":{"sum":58.333333333333336,"count":2},"20":{"sum":0,"count":2},"21":{"sum":0,"count":3}},"5":{"22":{"sum":0,"count":3},"23":{"sum":0,"count":1}},"6":{"0":{"sum":0,"count":3},"1":{"sum":0,"count":2},"2":{"sum":0,"count":2},"3":{"sum":0,"count":3},"4":{"sum":0,"count":2},"5":{"sum":0,"count":2},"6":{"sum":0,"count":2},"7":{"sum":0,"count":2},"8":{"sum":0,"count":2},"9":{"sum":0,"count":2},"10":{"sum":33.33333333333333,"count":3},"11":{"sum":33.33333333333333,"count":2},"12":{"sum":58.333333333333336,"count":3},"13":{"sum":108.33333333333333,"count":3},"14":{"sum":50,"count":2},"15":{"sum":8.333333333333332,"count":3},"16":{"sum":33.33333333333333,"count":2},"17":{"sum":33.33333333333333,"count":2}}}},"luzanky":{"BAZÉNY":{"1":{"8":{"sum":28.86435331230284,"count":3},"11":{"sum":14.98422712933754,"count":1},"15":{"sum":45.26813880126183,"count":4},"16":{"sum":89.90536277602524,"count":7},"17":{"sum":29.652996845425868,"count":3},"18":{"sum":16.246056782334385,"count":2},"19":{"sum":10.25236593059937,"count":2},"20":{"sum":0.6309148264984227,"count":2},"21":{"sum":0.946372239747634,"count":3},"22":{"sum":0.6309148264984227,"count":2},"23":{"sum":0.6309148264984227,"count":2}},"2":{"0":{"sum":0,"count":2},"1":{"sum":0,"count":2},"2":{"sum":0,"count":2},"3":{"sum":0,"count":2},"4":{"sum":6.151419558359622,"count":3},"5":{"sum":6.309148264984227,"count":1},"6":{"sum":6.940063091482649,"count":1},"7":{"sum":14.826498422712934,"count":2},"8":{"sum":23.02839116719243,"count":3},"9":{"sum":16.40378548895899,"count":2},"10":{"sum":18.61198738170347,"count":2},"11":{"sum":12.145110410094638,"count":2},"12":{"sum":19.558359621451103,"count":3},"13":{"sum":17.50788643533123,"count":2},"14":{"sum":22.87066246056782,"count":2},"15":{"sum":31.07255520504732,"count":2},"16":{"sum":31.545741324921135,"count":2},"17":{"sum":24.132492113564666,"count":2},"18":{"sum":35.01577287066246,"count":3},"19":{"sum":11.987381703470032,"count":2},"20":{"sum":0,"count":2},"21":{"sum":0,"count":2},"22":{"sum":0,"count":2},"23":{"sum":0,"count":2}},"3":{"0":{"sum":0,"count":3},"1":{"sum":0,"count":1},"2":{"sum":0,"count":2},"3":{"sum":0,"count":2},"4":{"sum":5.3627760252365935,"count":2},"5":{"sum":16.876971608832807,"count":2},"6":{"sum":17.50788643533123,"count":2},"7":{"sum":16.40378548895899,"count":2},"8":{"sum":13.722397476340692,"count":2},"9":{"sum":26.97160883280757,"count":3},"10":{"sum":18.61198738170347,"count":2},"11":{"sum":23.02839116719243,"count":2},"12":{"sum":22.239747634069403,"count":2},"13":{"sum":20.82018927444795,"count":2},"14":{"sum":41.48264984227129,"count":3},"15":{"sum":30.441640378548897,"count":2},"16":{"sum":61.198738170347006,"count":3},"17":{"sum":42.74447949526814,"count":2},"18":{"sum":39.74763406940063,"count":3},"19":{"sum":12.933753943217667,"count":2},"20":{"sum":0.31545741324921134,"count":2},"21":{"sum":0.31545741324921134,"count":2},"22":{"sum":0.473186119873817,"count":3},"23":{"sum":0.31545741324921134,"count":2}},"4":{"0":{"sum":0,"count":2},"1":{"sum":0,"count":2},"2":{"sum":0,"count":2},"3":{"sum":0,"count":2},"4":{"sum":4.574132492113565,"count":2},"5":{"sum":19.873817034700316,