{"aquapark":{"BAZÉNY A POSILOVNA":{"0":{"0":{"sum":0,"count":3},"1":{"sum":0,"count":2},"2":{"sum":0,"count":2},"3":{"sum":0,"count":2},"4":{"sum":0,"count":2},"5":{"sum":0,"count":2},"6":{"sum":35,"count":3},"7":{"sum":41.81818181818182,"count":2},"8":{"sum":76.36363636363637,"count":2},"9":{"sum":108.63636363636363,"count":2}},"1":{"8":{"sum":28.636363636363637,"count":3},"11":{"sum":57.27272727272727,"count":1},"15":{"sum":109.54545454545455,"count":2},"16":{"sum":244.09090909090907,"count":5}},"6":{"19":{"sum":18.636363636363633,"count":2},"20":{"sum":25.000000000000004,"count":3},"21":{"sum":23.181818181818183,"count":4},"22":{"sum":6.818181818181818,"count":3},"23":{"sum":4.545454545454546,"count":2}}},"FINSKÁ SAUNA":{"1":{"8":{"sum":0,"count":3},"11":{"sum":0,"count":1},"15":{"sum":16.666666666666664,"count":2},"16":{"sum":66.66666666666666,"count":5}},"6":{"19":{"sum":8.333333333333332,"count":2},"20":{"sum":50,"count":3},"21":{"sum":58.333333333333336,"count":4}}}},"luzanky":{"BAZÉNY":{"0":{"0":{"sum":0,"count":3},"1":{"sum":0,"count":2},"2":{"sum":0,"count":2},"3":{"sum":0,"count":2},"4":{"sum":0,"count":2},"5":{"sum":0,"count":2},"6":{"sum":23.81703470031546,"count":3},"7":{"sum":18.61198738170347,"count":2},"8":{"sum":31.54574132492114,"count":2},"9":{"sum":34.06940063091483,"count":2}},"1":{"8":{"sum":28.86435331230284,"count":3},"11":{"sum":14.98422712933754,"count":1},"15":{"sum":22.71293375394322,"count":2},"16":{"sum":61.829652996845425,"count":5}},"6":{"19":{"sum":2.365930599369085,"count":2},"20":{"sum":5.520504731861198,"count":3},"21":{"sum":4.2586750788643535,"count":4},"22":{"sum":0,"count":3},"23":{"sum":0,"count":2}}},"WELLNESS":{"1":{"8":{"sum":0,"count":3},"11":{"sum":1.4705882352941175,"count":1},"15":{"sum":47.05882352941177,"count":2},"16":{"sum":107.3529411764706,"count":5}}}},"kravihora":{"Bazén":{"0":{"0":{"sum":0,"count":3},"1":{"sum":0,"count":2},"2":{"sum":0,"count":2},"3":{"sum":0,"count":2},"4":{"sum":0,"count":2},"5":{"sum":0,"count":2},"6":{"sum":0,"count":3},"7":{"sum":22.22222222222222,"count":2},"8":{"sum":59.25925925925926,"count":2},"9":{"sum":56.2962962962963,"count":2}},"1":{"8":{"sum":0,"count":3},"11":{"sum":22.22222222222222,"count":1},"15":{"sum":48.148148148148145,"count":2},"16":{"sum":156.2962962962963,"count":5}},"6":{"19":{"sum":0,"count":2},"20":{"sum":15.555555555555555,"count":3},"21":{"sum":0,"count":4},"22":{"sum":0,"count":3},"23":{"sum":0,"count":3}}}}}