{"aquapark":{"BAZÉNY A POSILOVNA":{"1":{"8":{"sum":28.636363636363637,"count":3},"11":{"sum":57.27272727272727,"count":1},"15":{"sum":164.54545454545456,"count":3},"16":{"sum":244.09090909090907,"count":5}}},"FINSKÁ SAUNA":{"1":{"8":{"sum":0,"count":3},"11":{"sum":0,"count":1},"15":{"sum":24.999999999999996,"count":3},"16":{"sum":66.66666666666666,"count":5}}}},"luzanky":{"BAZÉNY":{"1":{"8":{"sum":28.86435331230284,"count":3},"11":{"sum":14.98422712933754,"count":1},"15":{"sum":33.91167192429022,"count":3},"16":{"sum":61.829652996845425,"count":5}}},"WELLNESS":{"1":{"8":{"sum":0,"count":3},"11":{"sum":1.4705882352941175,"count":1},"15":{"sum":82.3529411764706,"count":3},"16":{"sum":107.3529411764706,"count":5}}}},"kravihora":{"Bazén":{"1":{"8":{"sum":0,"count":3},"11":{"sum":22.22222222222222,"count":1},"15":{"sum":93.33333333333333,"count":3},"16":{"sum":156.2962962962963,"count":5}}}}}