{"aquapark":{"BAZÉNY A POSILOVNA":{"0":{"0":{"sum":0,"count":3},"1":{"sum":0,"count":2},"2":{"sum":0,"count":2},"3":{"sum":0,"count":2},"4":{"sum":0,"count":2},"5":{"sum":0,"count":2},"6":{"sum":35,"count":3},"7":{"sum":41.81818181818182,"count":2},"8":{"sum":76.36363636363637,"count":2},"9":{"sum":167.72727272727272,"count":3},"10":{"sum":123.18181818181819,"count":2},"11":{"sum":120.9090909090909,"count":2},"12":{"sum":194.54545454545456,"count":2},"13":{"sum":330.4545454545455,"count":3},"14":{"sum":218.1818181818182,"count":2},"15":{"sum":313.6363636363636,"count":3},"16":{"sum":243.63636363636363,"count":3},"17":{"sum":113.18181818181819,"count":2},"18":{"sum":71.36363636363636,"count":2},"19":{"sum":31.363636363636363,"count":2},"20":{"sum":3.6363636363636362,"count":2},"21":{"sum":5.454545454545454,"count":3},"22":{"sum":5.454545454545454,"count":3},"23":{"sum":5.454545454545454,"count":3}},"1":{"0":{"sum":0,"count":2},"1":{"sum":0,"count":2},"2":{"sum":0,"count":1},"3":{"sum":0,"count":2},"4":{"sum":22.727272727272727,"count":3},"5":{"sum":34.54545454545455,"count":2},"6":{"sum":42.72727272727273,"count":2},"7":{"sum":30,"count":2},"8":{"sum":64.54545454545453,"count":5},"9":{"sum":71.36363636363636,"count":2},"10":{"sum":67.27272727272727,"count":2},"11":{"sum":153.1818181818182,"count":4},"12":{"sum":73.63636363636363,"count":2},"13":{"sum":146.8181818181818,"count":3},"14":{"sum":99.54545454545455,"count":2},"15":{"sum":187.72727272727272,"count":4},"16":{"sum":313.18181818181813,"count":7},"17":{"sum":98.18181818181819,"count":2},"18":{"sum":73.63636363636364,"count":2},"19":{"sum":27.272727272727273,"count":2},"20":{"sum":0,"count":3},"21":{"sum":0,"count":2},"22":{"sum":0,"count":3},"23":{"sum":0,"count":3}},"2":{"0":{"sum":0,"count":2},"1":{"sum":0,"count":2},"2":{"sum":0,"count":2},"3":{"sum":0,"count":3},"4":{"sum":16.363636363636363,"count":2},"5":{"sum":32.72727272727273,"count":2},"6":{"sum":37.727272727272734,"count":2},"7":{"sum":47.72727272727273,"count":2},"8":{"sum":67.72727272727273,"count":2},"9":{"sum":127.27272727272728,"count":3},"10":{"sum":79.54545454545456,"count":2},"11":{"sum":75.45454545454547,"count":2},"12":{"sum":85.9090909090909,"count":2},"13":{"sum":109.54545454545455,"count":2},"14":{"sum":187.27272727272725,"count":3},"15":{"sum":118.18181818181819,"count":2},"16":{"sum":189.54545454545456,"count":3},"17":{"sum":49.54545454545455,"count":1},"18":{"sum":116.36363636363637,"count":3},"19":{"sum":40.90909090909091,"count":2},"20":{"sum":2.727272727272727,"count":2},"21":{"sum":2.727272727272727,"count":2},"22":{"sum":4.090909090909091,"count":3},"23":{"sum":4.090909090909091,"count":3}},"3":{"0":{"sum":0,"count":3},"1":{"sum":0,"count":2},"2":{"sum":0,"count":2},"3":{"sum":0,"count":3},"4":{"sum":15,"count":2},"5":{"sum":25.454545454545453,"count":2},"6":{"sum":47.72727272727273,"count":3},"7":{"sum":34.09090909090909,"count":2},"8":{"sum":65.9090909090909,"count":2},"9":{"sum":130.9090909090909,"count":3},"10":{"sum":77.72727272727272,"count":2},"11":{"sum":99.0909090909091,"count":2},"12":{"sum":162.72727272727275,"count":3},"13":{"sum":96.36363636363637,"count":2},"14":{"sum":174.0909090909091,"count":3},"15":{"sum":135.9090909090909,"count":2},"16":{"sum":238.1818181818182,"count":3},"17":{"sum":139.54545454545456,"count":2},"18":{"sum":130.45454545454544,"count":3},"19":{"sum":44.54545454545455,"count":2},"20":{"sum":0,"count":2},"21":{"sum":0,"count":2},"22":{"sum":0,"count":3},"23":{"sum":0,"count":3}},"4":{"0":{"sum":0,"count":2},"1":{"sum":0,"count":2},"2":{"sum":0,"count":2},"3":{"sum":0,"count":3},"4":{"sum":12.727272727272727,"count":2},"5":{"sum":45.90909090909091,"count":2}},"6":{"19":{"sum":18.636363636363633,"count":2},"20":{"sum":25.000000000000004,"count":3},"21":{"sum":23.181818181818183,"count":4},"22":{"sum":6.818181818181818,"count":3},"23":{"sum":4.545454545454546,"count":2}}},"FINSKÁ SAUNA":{"0":{"22":{"sum":0,"count":3},"23":{"sum":0,"count":3}},"1":{"0":{"sum":0,"count":2},"1":{"sum":0,"count":2},"2":{"sum":0,"count":1},"3":{"sum":0,"count":2},"4":{"sum":0,"count":3},"5":{"sum":0,"count":2},"6":{"sum":0,"count":2},"7":{"sum":0,"count":2},"8":{"sum":0,"count":5},"9":{"sum":0,"count":2},"10":{"sum":0,"count":2},"11":{"sum":0,"count":4},"12":{"sum":0,"count":2},"13":{"sum":24.999999999999996,"count":3},"14":{"sum":16.666666666666664,"count":2},"15":{"sum":33.33333333333333,"count":4},"16":{"sum":116.66666666666666,"count":7},"17":{"sum":41.666666666666664,"count":2},"18":{"sum":108.33333333333334,"count":2},"19":{"sum":91.66666666666666,"count":2},"20":{"sum":0,"count":3},"21":{"sum":0,"count":2}},"6":{"19":{"sum":8.333333333333332,"count":2},"20":{"sum":50,"count":3},"21":{"sum":58.333333333333336,"count":4}}}},"luzanky":{"BAZÉNY":{"0":{"0":{"sum":0,"count":3},"1":{"sum":0,"count":2},"2":{"sum":0,"count":2},"3":{"sum":0,"count":2},"4":{"sum":0,"count":2},"5":{"sum":0,"count":2},"6":{"sum":23.81703470031546,"count":3},"7":{"sum":18.61198738170347,"count":2},"8":{"sum":31.54574132492114,"count":2},"9":{"sum":49.526813880126184,"count":3},"10":{"sum":27.602523659305994,"count":2},"11":{"sum":20.50473186119874,"count":2},"12":{"sum":19.085173501577287,"count":2},"13":{"sum":26.813880126182966,"count":3},"14":{"sum":25.0788643533123,"count":2},"15":{"sum":50.473186119873816,"count":3},"16":{"sum":44.794952681388004,"count":3},"17":{"sum":21.608832807570977,"count":2},"18":{"sum":14.511041009463721,"count":2},"19":{"sum":4.416403785488959,"count":2},"20":{"sum":0,"count":2},"21":{"sum":0,"count":3},"22":{"sum":0,"count":3},"23":{"sum":0,"count":3}},"1":{"0":{"sum":0,"count":2},"1":{"sum":0,"count":2},"2":{"sum":0,"count":1},"3":{"sum":0,"count":2},"4":{"sum":9.14826498422713,"count":3},"5":{"sum":12.460567823343847,"count":2},"6":{"sum":13.09148264984227,"count":2},"7":{"sum":17.192429022082017,"count":2},"8":{"sum":44.16403785488959,"count":5},"9":{"sum":16.40378548895899,"count":2},"10":{"sum":19.558359621451103,"count":2},"11":{"sum":40.694006309148264,"count":4},"12":{"sum":14.353312302839118,"count":2},"13":{"sum":24.44794952681388,"count":3},"14":{"sum":20.820189274447948,"count":2},"15":{"sum":51.10410094637224,"count":4},"16":{"sum":99.05362776025237,"count":7},"17":{"sum":39.43217665615143,"count":2},"18":{"sum":27.12933753943218,"count":2},"19":{"sum":12.302839116719243,"count":2},"20":{"sum":0.946372239747634,"count":3},"21":{"sum":0.6309148264984227,"count":2},"22":{"sum":0.946372239747634,"count":3},"23":{"sum":0.946372239747634,"count":3}},"2":{"0":{"sum":0,"count":2},"1":{"sum":0,"count":2},"2":{"sum":0,"count":2},"3":{"sum":0,"count":3},"4":{"sum":4.574132492113565,"count":2},"5":{"sum":13.56466876971609,"count":2},"6":{"sum":19.085173501577287,"count":2},"7":{"sum":16.7192429022082,"count":2},"8":{"sum":15.457413249211356,"count":2},"9":{"sum":22.082018927444796,"count":3},"10":{"sum":16.561514195583598,"count":2},"11":{"sum":19.558359621451103,"count":2},"12":{"sum":17.034700315457414,"count":2},"13":{"sum":19.4006309148265,"count":2},"14":{"sum":38.32807570977918,"count":3},"15":{"sum":37.53943217665615,"count":2},"16":{"sum":64.82649842271293,"count":3},"17":{"sum":17.034700315457414,"count":1},"18":{"sum":38.64353312302839,"count":3},"19":{"sum":11.829652996845427,"count":2},"20":{"sum":0.6309148264984227,"count":2},"21":{"sum":0.6309148264984227,"count":2},"22":{"sum":0.946372239747634,"count":3},"23":{"sum":0.946372239747634,"count":3}},"3":{"0":{"sum":0,"count":3},"1":{"sum":0,"count":2},"2":{"sum":0,"count":2},"3":{"sum":0,"count":3},"4":{"sum":6.782334384858044,"count":2},"5":{"sum":21.451104100946374,"count":2},"6":{"sum":29.96845425867508,"count":3},"7":{"sum":20.189274447949526,"count":2},"8":{"sum":20.50473186119874,"count":2},"9":{"sum":35.17350157728707,"count":3},"10":{"sum":20.820189274447948,"count":2},"11":{"sum":19.4006309148265,"count":2},"12":{"sum":31.70347003154574,"count":3},"13":{"sum":23.974763406940063,"count":2},"14":{"sum":47.94952681388013,