{"aquapark":{"BAZÉNY A POSILOVNA":{"1":{"8":{"sum":28.636363636363637,"count":3},"11":{"sum":57.27272727272727,"count":1},"15":{"sum":109.54545454545455,"count":2},"16":{"sum":189.09090909090907,"count":4}}},"FINSKÁ SAUNA":{"1":{"8":{"sum":0,"count":3},"11":{"sum":0,"count":1},"15":{"sum":16.666666666666664,"count":2},"16":{"sum":49.999999999999986,"count":4}}}},"luzanky":{"BAZÉNY":{"1":{"8":{"sum":28.86435331230284,"count":3},"11":{"sum":14.98422712933754,"count":1},"15":{"sum":22.71293375394322,"count":2},"16":{"sum":49.21135646687697,"count":4}}},"WELLNESS":{"1":{"8":{"sum":0,"count":3},"11":{"sum":1.4705882352941175,"count":1},"15":{"sum":47.05882352941177,"count":2},"16":{"sum":82.3529411764706,"count":4}}}},"kravihora":{"Bazén":{"1":{"8":{"sum":0,"count":3},"11":{"sum":22.22222222222222,"count":1},"15":{"sum":48.148148148148145,"count":2},"16":{"sum":120.74074074074073,"count":4}}}}}