{"aquapark":{"BAZÉNY A POSILOVNA":{"0":{"0":{"sum":0,"count":3},"1":{"sum":0,"count":2},"2":{"sum":0,"count":2},"3":{"sum":0,"count":2},"4":{"sum":0,"count":2},"5":{"sum":0,"count":2},"6":{"sum":35,"count":3},"7":{"sum":41.81818181818182,"count":2},"8":{"sum":76.36363636363637,"count":2},"9":{"sum":167.72727272727272,"count":3},"10":{"sum":123.18181818181819,"count":2},"11":{"sum":120.9090909090909,"count":2},"12":{"sum":194.54545454545456,"count":2},"13":{"sum":330.4545454545455,"count":3},"14":{"sum":218.1818181818182,"count":2},"15":{"sum":313.6363636363636,"count":3},"16":{"sum":243.63636363636363,"count":3},"17":{"sum":113.18181818181819,"count":2},"18":{"sum":71.36363636363636,"count":2},"19":{"sum":16.363636363636363,"count":1}},"1":{"8":{"sum":28.636363636363637,"count":3},"11":{"sum":57.27272727272727,"count":1},"15":{"sum":109.54545454545455,"count":2},"16":{"sum":244.09090909090907,"count":5}},"6":{"19":{"sum":18.636363636363633,"count":2},"20":{"sum":25.000000000000004,"count":3},"21":{"sum":23.181818181818183,"count":4},"22":{"sum":6.818181818181818,"count":3},"23":{"sum":4.545454545454546,"count":2}}},"FINSKÁ SAUNA":{"1":{"8":{"sum":0,"count":3},"11":{"sum":0,"count":1},"15":{"sum":16.666666666666664,"count":2},"16":{"sum":66.66666666666666,"count":5}},"6":{"19":{"sum":8.333333333333332,"count":2},"20":{"sum":50,"count":3},"21":{"sum":58.333333333333336,"count":4}}}},"luzanky":{"BAZÉNY":{"0":{"0":{"sum":0,"count":3},"1":{"sum":0,"count":2},"2":{"sum":0,"count":2},"3":{"sum":0,"count":2},"4":{"sum":0,"count":2},"5":{"sum":0,"count":2},"6":{"sum":23.81703470031546,"count":3},"7":{"sum":18.61198738170347,"count":2},"8":{"sum":31.54574132492114,"count":2},"9":{"sum":49.526813880126184,"count":3},"10":{"sum":27.602523659305994,"count":2},"11":{"sum":20.50473186119874,"count":2},"12":{"sum":19.085173501577287,"count":2},"13":{"sum":26.813880126182966,"count":3},"14":{"sum":25.0788643533123,"count":2},"15":{"sum":50.473186119873816,"count":3},"16":{"sum":44.794952681388004,"count":3},"17":{"sum":21.608832807570977,"count":2},"18":{"sum":14.511041009463721,"count":2},"19":{"sum":2.365930599369085,"count":1}},"1":{"8":{"sum":28.86435331230284,"count":3},"11":{"sum":14.98422712933754,"count":1},"15":{"sum":22.71293375394322,"count":2},"16":{"sum":61.829652996845425,"count":5}},"6":{"19":{"sum":2.365930599369085,"count":2},"20":{"sum":5.520504731861198,"count":3},"21":{"sum":4.2586750788643535,"count":4},"22":{"sum":0,"count":3},"23":{"sum":0,"count":2}}},"WELLNESS":{"1":{"8":{"sum":0,"count":3},"11":{"sum":1.4705882352941175,"count":1},"15":{"sum":47.05882352941177,"count":2},"16":{"sum":107.3529411764706,"count":5}}}},"kravihora":{"Bazén":{"0":{"0":{"sum":0,"count":3},"1":{"sum":0,"count":2},"2":{"sum":0,"count":2},"3":{"sum":0,"count":2},"4":{"sum":0,"count":2},"5":{"sum":0,"count":2},"6":{"sum":0,"count":3},"7":{"sum":22.22222222222222,"count":2},"8":{"sum":59.25925925925926,"count":2},"9":{"sum":87.4074074074074,"count":3},"10":{"sum":74.81481481481481,"count":2},"11":{"sum":67.4074074074074,"count":2},"12":{"sum":53.33333333333333,"count":2},"13":{"sum":100.74074074074075,"count":3},"14":{"sum":62.96296296296296,"count":2},"15":{"sum":131.11111111111111,"count":3},"16":{"sum":136.2962962962963,"count":3},"17":{"sum":65.92592592592592,"count":2},"18":{"sum":55.55555555555556,"count":2},"19":{"sum":1.4814814814814816,"count":2}},"1":{"8":{"sum":0,"count":3},"11":{"sum":22.22222222222222,"count":1},"15":{"sum":48.148148148148145,"count":2},"16":{"sum":156.2962962962963,"count":5}},"6":{"19":{"sum":0,"count":2},"20":{"sum":15.555555555555555,"count":3},"21":{"sum":0,"count":4},"22":{"sum":0,"count":3},"23":{"sum":0,"count":3}}}}}