{"aquapark":{"BAZÉNY A POSILOVNA":{"1":{"8":{"sum":28.636363636363637,"count":3},"11":{"sum":57.27272727272727,"count":1},"15":{"sum":213.1818181818182,"count":4},"16":{"sum":328.18181818181813,"count":7},"17":{"sum":57.72727272727273,"count":2}}},"FINSKÁ SAUNA":{"1":{"8":{"sum":0,"count":3},"11":{"sum":0,"count":1},"15":{"sum":58.33333333333333,"count":4},"16":{"sum":133.33333333333331,"count":7},"17":{"sum":66.66666666666667,"count":2}}}},"luzanky":{"BAZÉNY":{"1":{"8":{"sum":28.86435331230284,"count":3},"11":{"sum":14.98422712933754,"count":1},"15":{"sum":45.26813880126183,"count":4},"16":{"sum":89.90536277602524,"count":7},"17":{"sum":21.293375394321767,"count":2}}},"WELLNESS":{"1":{"8":{"sum":0,"count":3},"11":{"sum":1.4705882352941175,"count":1},"15":{"sum":117.64705882352942,"count":4},"16":{"sum":161.76470588235296,"count":7},"17":{"sum":63.23529411764706,"count":2}}}},"kravihora":{"Bazén":{"1":{"8":{"sum":0,"count":3},"11":{"sum":22.22222222222222,"count":1},"15":{"sum":138.5185185185185,"count":4},"16":{"sum":223.7037037037037,"count":7},"17":{"sum":77.77777777777777,"count":2}}}}}