{"aquapark":{"BAZÉNY A POSILOVNA":{"1":{"8":{"sum":28.636363636363637,"count":3},"11":{"sum":57.27272727272727,"count":1},"15":{"sum":213.1818181818182,"count":4},"16":{"sum":286.3636363636363,"count":6}}},"FINSKÁ SAUNA":{"1":{"8":{"sum":0,"count":3},"11":{"sum":0,"count":1},"15":{"sum":58.33333333333333,"count":4},"16":{"sum":99.99999999999999,"count":6}}}},"luzanky":{"BAZÉNY":{"1":{"8":{"sum":28.86435331230284,"count":3},"11":{"sum":14.98422712933754,"count":1},"15":{"sum":45.26813880126183,"count":4},"16":{"sum":75.70977917981072,"count":6}}},"WELLNESS":{"1":{"8":{"sum":0,"count":3},"11":{"sum":1.4705882352941175,"count":1},"15":{"sum":117.64705882352942,"count":4},"16":{"sum":133.82352941176472,"count":6}}}},"kravihora":{"Bazén":{"1":{"8":{"sum":0,"count":3},"11":{"sum":22.22222222222222,"count":1},"15":{"sum":138.5185185185185,"count":4},"16":{"sum":191.85185185185185,"count":6}}}}}