{"aquapark":{"BAZÉNY A POSILOVNA":{"1":{"8":{"sum":28.636363636363637,"count":3},"11":{"sum":57.27272727272727,"count":1},"15":{"sum":213.1818181818182,"count":4},"16":{"sum":328.18181818181813,"count":7},"17":{"sum":84.0909090909091,"count":3},"18":{"sum":49.090909090909086,"count":2},"19":{"sum":16.363636363636363,"count":1}}},"FINSKÁ SAUNA":{"1":{"8":{"sum":0,"count":3},"11":{"sum":0,"count":1},"15":{"sum":58.33333333333333,"count":4},"16":{"sum":133.33333333333331,"count":7},"17":{"sum":108.33333333333334,"count":3},"18":{"sum":116.66666666666667,"count":2},"19":{"sum":58.333333333333336,"count":1}}}},"luzanky":{"BAZÉNY":{"1":{"8":{"sum":28.86435331230284,"count":3},"11":{"sum":14.98422712933754,"count":1},"15":{"sum":45.26813880126183,"count":4},"16":{"sum":89.90536277602524,"count":7},"17":{"sum":29.652996845425868,"count":3},"18":{"sum":16.246056782334385,"count":2},"19":{"sum":5.83596214511041,"count":1}}},"WELLNESS":{"1":{"8":{"sum":0,"count":3},"11":{"sum":1.4705882352941175,"count":1},"15":{"sum":117.64705882352942,"count":4},"16":{"sum":161.76470588235296,"count":7},"17":{"sum":92.64705882352942,"count":3},"18":{"sum":48.529411764705884,"count":2},"19":{"sum":17.647058823529413,"count":1}}}},"kravihora":{"Bazén":{"1":{"8":{"sum":0,"count":3},"11":{"sum":22.22222222222222,"count":1},"15":{"sum":138.5185185185185,"count":4},"16":{"sum":223.7037037037037,"count":7},"17":{"sum":119.25925925925925,"count":3},"18":{"sum":65.92592592592592,"count":2},"19":{"sum":0,"count":1}}}}}