{"aquapark":{"BAZÉNY A POSILOVNA":{"1":{"8":{"sum":28.636363636363637,"count":3},"11":{"sum":57.27272727272727,"count":1},"15":{"sum":213.1818181818182,"count":4},"16":{"sum":328.18181818181813,"count":7},"17":{"sum":84.0909090909091,"count":3},"18":{"sum":26.36363636363636,"count":1}}},"FINSKÁ SAUNA":{"1":{"8":{"sum":0,"count":3},"11":{"sum":0,"count":1},"15":{"sum":58.33333333333333,"count":4},"16":{"sum":133.33333333333331,"count":7},"17":{"sum":108.33333333333334,"count":3},"18":{"sum":41.66666666666667,"count":1}}}},"luzanky":{"BAZÉNY":{"1":{"8":{"sum":28.86435331230284,"count":3},"11":{"sum":14.98422712933754,"count":1},"15":{"sum":45.26813880126183,"count":4},"16":{"sum":89.90536277602524,"count":7},"17":{"sum":29.652996845425868,"count":3},"18":{"sum":9.305993690851736,"count":1}}},"WELLNESS":{"1":{"8":{"sum":0,"count":3},"11":{"sum":1.4705882352941175,"count":1},"15":{"sum":117.64705882352942,"count":4},"16":{"sum":161.76470588235296,"count":7},"17":{"sum":92.64705882352942,"count":3},"18":{"sum":23.52941176470588,"count":1}}}},"kravihora":{"Bazén":{"1":{"8":{"sum":0,"count":3},"11":{"sum":22.22222222222222,"count":1},"15":{"sum":138.5185185185185,"count":4},"16":{"sum":223.7037037037037,"count":7},"17":{"sum":119.25925925925925,"count":3},"18":{"sum":40,"count":1}}}}}