{"aquapark":{"BAZÉNY A POSILOVNA":{"0":{"0":{"sum":0,"count":3},"1":{"sum":0,"count":2},"2":{"sum":0,"count":2},"3":{"sum":0,"count":2},"4":{"sum":0,"count":2},"5":{"sum":0,"count":2},"6":{"sum":35,"count":3},"7":{"sum":41.81818181818182,"count":2},"8":{"sum":76.36363636363637,"count":2},"9":{"sum":167.72727272727272,"count":3},"10":{"sum":123.18181818181819,"count":2},"11":{"sum":120.9090909090909,"count":2},"12":{"sum":194.54545454545456,"count":2},"13":{"sum":330.4545454545455,"count":3},"14":{"sum":218.1818181818182,"count":2},"15":{"sum":313.6363636363636,"count":3},"16":{"sum":243.63636363636363,"count":3},"17":{"sum":113.18181818181819,"count":2},"18":{"sum":71.36363636363636,"count":2},"19":{"sum":31.363636363636363,"count":2},"20":{"sum":3.6363636363636362,"count":2},"21":{"sum":5.454545454545454,"count":3},"22":{"sum":5.454545454545454,"count":3},"23":{"sum":5.454545454545454,"count":3}},"1":{"0":{"sum":0,"count":2},"1":{"sum":0,"count":2},"2":{"sum":0,"count":1},"3":{"sum":0,"count":2},"4":{"sum":22.727272727272727,"count":3},"5":{"sum":34.54545454545455,"count":2},"6":{"sum":42.72727272727273,"count":2},"7":{"sum":30,"count":2},"8":{"sum":64.54545454545453,"count":5},"9":{"sum":71.36363636363636,"count":2},"10":{"sum":67.27272727272727,"count":2},"11":{"sum":153.1818181818182,"count":4},"12":{"sum":73.63636363636363,"count":2},"13":{"sum":146.8181818181818,"count":3},"14":{"sum":99.54545454545455,"count":2},"15":{"sum":187.72727272727272,"count":4},"16":{"sum":313.18181818181813,"count":7},"17":{"sum":98.18181818181819,"count":2},"18":{"sum":73.63636363636364,"count":2},"19":{"sum":16.363636363636363,"count":1}},"6":{"19":{"sum":18.636363636363633,"count":2},"20":{"sum":25.000000000000004,"count":3},"21":{"sum":23.181818181818183,"count":4},"22":{"sum":6.818181818181818,"count":3},"23":{"sum":4.545454545454546,"count":2}}},"FINSKÁ SAUNA":{"0":{"22":{"sum":0,"count":3},"23":{"sum":0,"count":3}},"1":{"0":{"sum":0,"count":2},"1":{"sum":0,"count":2},"2":{"sum":0,"count":1},"3":{"sum":0,"count":2},"4":{"sum":0,"count":3},"5":{"sum":0,"count":2},"6":{"sum":0,"count":2},"7":{"sum":0,"count":2},"8":{"sum":0,"count":5},"9":{"sum":0,"count":2},"10":{"sum":0,"count":2},"11":{"sum":0,"count":4},"12":{"sum":0,"count":2},"13":{"sum":24.999999999999996,"count":3},"14":{"sum":16.666666666666664,"count":2},"15":{"sum":33.33333333333333,"count":4},"16":{"sum":116.66666666666666,"count":7},"17":{"sum":41.666666666666664,"count":2},"18":{"sum":108.33333333333334,"count":2},"19":{"sum":75,"count":1}},"6":{"19":{"sum":8.333333333333332,"count":2},"20":{"sum":50,"count":3},"21":{"sum":58.333333333333336,"count":4}}}},"luzanky":{"BAZÉNY":{"0":{"0":{"sum":0,"count":3},"1":{"sum":0,"count":2},"2":{"sum":0,"count":2},"3":{"sum":0,"count":2},"4":{"sum":0,"count":2},"5":{"sum":0,"count":2},"6":{"sum":23.81703470031546,"count":3},"7":{"sum":18.61198738170347,"count":2},"8":{"sum":31.54574132492114,"count":2},"9":{"sum":49.526813880126184,"count":3},"10":{"sum":27.602523659305994,"count":2},"11":{"sum":20.50473186119874,"count":2},"12":{"sum":19.085173501577287,"count":2},"13":{"sum":26.813880126182966,"count":3},"14":{"sum":25.0788643533123,"count":2},"15":{"sum":50.473186119873816,"count":3},"16":{"sum":44.794952681388004,"count":3},"17":{"sum":21.608832807570977,"count":2},"18":{"sum":14.511041009463721,"count":2},"19":{"sum":4.416403785488959,"count":2},"20":{"sum":0,"count":2},"21":{"sum":0,"count":3},"22":{"sum":0,"count":3},"23":{"sum":0,"count":3}},"1":{"0":{"sum":0,"count":2},"1":{"sum":0,"count":2},"2":{"sum":0,"count":1},"3":{"sum":0,"count":2},"4":{"sum":9.14826498422713,"count":3},"5":{"sum":12.460567823343847,"count":2},"6":{"sum":13.09148264984227,"count":2},"7":{"sum":17.192429022082017,"count":2},"8":{"sum":44.16403785488959,"count":5},"9":{"sum":16.40378548895899,"count":2},"10":{"sum":19.558359621451103,"count":2},"11":{"sum":40.694006309148264,"count":4},"12":{"sum":14.353312302839118,"count":2},"13":{"sum":24.44794952681388,"count":3},"14":{"sum":20.820189274447948,"count":2},"15":{"sum":51.10410094637224,"count":4},"16":{"sum":99.05362776025237,"count":7},"17":{"sum":39.43217665615143,"count":2},"18":{"sum":27.12933753943218,"count":2},"19":{"sum":8.675078864353312,"count":1}},"6":{"19":{"sum":2.365930599369085,"count":2},"20":{"sum":5.520504731861198,"count":3},"21":{"sum":4.2586750788643535,"count":4},"22":{"sum":0,"count":3},"23":{"sum":0,"count":2}}},"WELLNESS":{"0":{"22":{"sum":0,"count":3},"23":{"sum":0,"count":3}},"1":{"0":{"sum":0,"count":2},"1":{"sum":0,"count":2},"2":{"sum":0,"count":1},"3":{"sum":0,"count":2},"4":{"sum":0,"count":3},"5":{"sum":0,"count":2},"6":{"sum":0,"count":2},"7":{"sum":0,"count":2},"8":{"sum":0,"count":5},"9":{"sum":0,"count":2},"10":{"sum":0,"count":2},"11":{"sum":1.4705882352941175,"count":4},"12":{"sum":8.823529411764707,"count":2},"13":{"sum":41.1764705882353,"count":3},"14":{"sum":30.88235294117647,"count":2},"15":{"sum":77.94117647058823,"count":4},"16":{"sum":147.05882352941177,"count":7},"17":{"sum":58.8235294117647,"count":2},"18":{"sum":70.58823529411765,"count":2},"19":{"sum":22.058823529411764,"count":1}}}},"kravihora":{"Bazén":{"0":{"0":{"sum":0,"count":3},"1":{"sum":0,"count":2},"2":{"sum":0,"count":2},"3":{"sum":0,"count":2},"4":{"sum":0,"count":2},"5":{"sum":0,"count":2},"6":{"sum":0,"count":3},"7":{"sum":22.22222222222222,"count":2},"8":{"sum":59.25925925925926,"count":2},"9":{"sum":87.4074074074074,"count":3},"10":{"sum":74.81481481481481,"count":2},"11":{"sum":67.4074074074074,"count":2},"12":{"sum":53.33333333333333,"count":2},"13":{"sum":100.74074074074075,"count":3},"14":{"sum":62.96296296296296,"count":2},"15":{"sum":131.11111111111111,"count":3},"16":{"sum":136.2962962962963,"count":3},"17":{"sum":65.92592592592592,"count":2},"18":{"sum":55.55555555555556,"count":2},"19":{"sum":1.4814814814814816,"count":3},"20":{"sum":0,"count":2},"21":{"sum":0,"count":3},"22":{"sum":0,"count":3},"23":{"sum":0,"count":3}},"1":{"0":{"sum":0,"count":2},"1":{"sum":0,"count":2},"2":{"sum":0,"count":1},"3":{"sum":0,"count":2},"4":{"sum":0,"count":3},"5":{"sum":0,"count":2},"6":{"sum":0,"count":2},"7":{"sum":14.074074074074074,"count":2},"8":{"sum":22.962962962962962,"count":5},"9":{"sum":11.11111111111111,"count":2},"10":{"sum":21.48148148148148,"count":2},"11":{"sum":70.37037037037037,"count":4},"12":{"sum":31.11111111111111,"count":2},"13":{"sum":39.25925925925926,"count":3},"14":{"sum":38.51851851851852,"count":2},"15":{"sum":106.66666666666667,"count":4},"16":{"sum":234.07407407407408,"count":7},"17":{"sum":66.66666666666667,"count":2},"18":{"sum":86.66666666666666,"count":3},"19":{"sum":2.2222222222222223,"count":1}},"6":{"19":{"sum":0,"count":2},"20":{"sum":15.555555555555555,"count":3},"21":{"sum":0,"count":4},"22":{"sum":0,"count":3},"23":{"sum":0,"count":3}}}}}