{"aquapark":{"BAZÉNY A POSILOVNA":{"1":{"8":{"sum":28.636363636363637,"count":3},"11":{"sum":57.27272727272727,"count":1},"15":{"sum":213.1818181818182,"count":4},"16":{"sum":328.18181818181813,"count":7},"17":{"sum":84.0909090909091,"count":3},"18":{"sum":49.090909090909086,"count":2},"19":{"sum":27.272727272727273,"count":2},"20":{"sum":0,"count":2},"21":{"sum":0,"count":3},"22":{"sum":0,"count":2},"23":{"sum":0,"count":2}},"2":{"0":{"sum":0,"count":2},"1":{"sum":0,"count":2},"2":{"sum":0,"count":2},"3":{"sum":0,"count":2},"4":{"sum":26.818181818181817,"count":3},"5":{"sum":12.272727272727273,"count":1},"6":{"sum":17.272727272727273,"count":1},"7":{"sum":41.36363636363636,"count":2},"8":{"sum":99.54545454545455,"count":3},"9":{"sum":82.72727272727272,"count":2},"10":{"sum":78.18181818181819,"count":2},"11":{"sum":57.272727272727266,"count":2},"12":{"sum":93.18181818181819,"count":3},"13":{"sum":85.45454545454547,"count":2},"14":{"sum":106.81818181818183,"count":2},"15":{"sum":97.72727272727272,"count":2},"16":{"sum":85,"count":2},"17":{"sum":70,"count":2},"18":{"sum":90.9090909090909,"count":3},"19":{"sum":28.18181818181818,"count":2}}},"FINSKÁ SAUNA":{"1":{"8":{"sum":0,"count":3},"11":{"sum":0,"count":1},"15":{"sum":58.33333333333333,"count":4},"16":{"sum":133.33333333333331,"count":7},"17":{"sum":108.33333333333334,"count":3},"18":{"sum":116.66666666666667,"count":2},"19":{"sum":58.333333333333336,"count":2},"20":{"sum":0,"count":2},"21":{"sum":0,"count":3}}}},"luzanky":{"BAZÉNY":{"1":{"8":{"sum":28.86435331230284,"count":3},"11":{"sum":14.98422712933754,"count":1},"15":{"sum":45.26813880126183,"count":4},"16":{"sum":89.90536277602524,"count":7},"17":{"sum":29.652996845425868,"count":3},"18":{"sum":16.246056782334385,"count":2},"19":{"sum":10.25236593059937,"count":2},"20":{"sum":0.6309148264984227,"count":2},"21":{"sum":0.946372239747634,"count":3},"22":{"sum":0.6309148264984227,"count":2},"23":{"sum":0.6309148264984227,"count":2}},"2":{"0":{"sum":0,"count":2},"1":{"sum":0,"count":2},"2":{"sum":0,"count":2},"3":{"sum":0,"count":2},"4":{"sum":6.151419558359622,"count":3},"5":{"sum":6.309148264984227,"count":1},"6":{"sum":6.940063091482649,"count":1},"7":{"sum":14.826498422712934,"count":2},"8":{"sum":23.02839116719243,"count":3},"9":{"sum":16.40378548895899,"count":2},"10":{"sum":18.61198738170347,"count":2},"11":{"sum":12.145110410094638,"count":2},"12":{"sum":19.558359621451103,"count":3},"13":{"sum":17.50788643533123,"count":2},"14":{"sum":22.87066246056782,"count":2},"15":{"sum":31.07255520504732,"count":2},"16":{"sum":31.545741324921135,"count":2},"17":{"sum":24.132492113564666,"count":2},"18":{"sum":35.01577287066246,"count":3},"19":{"sum":11.987381703470032,"count":2}}},"WELLNESS":{"1":{"8":{"sum":0,"count":3},"11":{"sum":1.4705882352941175,"count":1},"15":{"sum":117.64705882352942,"count":4},"16":{"sum":161.76470588235296,"count":7},"17":{"sum":92.64705882352942,"count":3},"18":{"sum":48.529411764705884,"count":2},"19":{"sum":17.647058823529413,"count":2},"20":{"sum":0,"count":2},"21":{"sum":0,"count":3},"22":{"sum":0,"count":2},"23":{"sum":0,"count":2}},"2":{"0":{"sum":0,"count":2},"1":{"sum":0,"count":2},"2":{"sum":0,"count":2},"3":{"sum":0,"count":2},"4":{"sum":0,"count":3},"5":{"sum":0,"count":1},"6":{"sum":0,"count":1},"7":{"sum":0,"count":2},"8":{"sum":0,"count":3},"9":{"sum":0,"count":2},"10":{"sum":0,"count":2},"11":{"sum":0,"count":2},"12":{"sum":0,"count":3},"13":{"sum":0,"count":2},"14":{"sum":0,"count":2},"15":{"sum":0,"count":2},"16":{"sum":0,"count":2},"17":{"sum":0,"count":2},"18":{"sum":0,"count":3},"19":{"sum":0,"count":2}}}},"kravihora":{"Bazén":{"1":{"8":{"sum":0,"count":3},"11":{"sum":22.22222222222222,"count":1},"15":{"sum":138.5185185185185,"count":4},"16":{"sum":223.7037037037037,"count":7},"17":{"sum":119.25925925925925,"count":3},"18":{"sum":65.92592592592592,"count":2},"19":{"sum":0,"count":2},"20":{"sum":0,"count":3},"21":{"sum":0,"count":3},"22":{"sum":0,"count":2},"23":{"sum":0,"count":2}},"2":{"0":{"sum":0,"count":2},"1":{"sum":0,"count":2},"2":{"sum":0,"count":2},"3":{"sum":0,"count":2},"4":{"sum":0,"count":3},"5":{"sum":0,"count":2},"6":{"sum":0,"count":2},"7":{"sum":12.592592592592593,"count":2},"8":{"sum":37.77777777777778,"count":3},"9":{"sum":25.925925925925924,"count":2},"10":{"sum":26.666666666666664,"count":2},"11":{"sum":17.77777777777778,"count":2},"12":{"sum":23.703703703703702,"count":3},"13":{"sum":24.444444444444443,"count":2},"14":{"sum":48.14814814814815,"count":2},"15":{"sum":60,"count":3},"16":{"sum":54.07407407407407,"count":2},"17":{"sum":90.37037037037037,"count":2},"18":{"sum":90.37037037037037,"count":3},"19":{"sum":0.7407407407407408,"count":2}}}}}