{"aquapark":{"BAZÉNY A POSILOVNA":{"1":{"8":{"sum":28.636363636363637,"count":3},"11":{"sum":57.27272727272727,"count":1},"15":{"sum":109.54545454545455,"count":2},"16":{"sum":244.09090909090907,"count":5}},"6":{"20":{"sum":20.454545454545457,"count":1},"21":{"sum":16.363636363636363,"count":1}}},"FINSKÁ SAUNA":{"1":{"8":{"sum":0,"count":3},"11":{"sum":0,"count":1},"15":{"sum":16.666666666666664,"count":2},"16":{"sum":66.66666666666666,"count":5}},"6":{"20":{"sum":50,"count":1},"21":{"sum":58.333333333333336,"count":1}}}},"luzanky":{"BAZÉNY":{"1":{"8":{"sum":28.86435331230284,"count":3},"11":{"sum":14.98422712933754,"count":1},"15":{"sum":22.71293375394322,"count":2},"16":{"sum":61.829652996845425,"count":5}},"6":{"20":{"sum":5.520504731861198,"count":1},"21":{"sum":4.2586750788643535,"count":1}}},"WELLNESS":{"1":{"8":{"sum":0,"count":3},"11":{"sum":1.4705882352941175,"count":1},"15":{"sum":47.05882352941177,"count":2},"16":{"sum":107.3529411764706,"count":5}}}},"kravihora":{"Bazén":{"1":{"8":{"sum":0,"count":3},"11":{"sum":22.22222222222222,"count":1},"15":{"sum":48.148148148148145,"count":2},"16":{"sum":156.2962962962963,"count":5}},"6":{"20":{"sum":15.555555555555555,"count":1},"21":{"sum":0,"count":1}}}}}